Num_Threads,Time (milliseconds)
1,33
2,0.999928
4,0.999928
8,1.00017
